timestamp,X,Y,Z
2009-10-02T00:01:39.313867,+336.999184,-6613.558467,-519.234083
2009-10-02T00:03:19.313866,+199.839916,-6634.441698,+249.654435
2009-10-02T00:04:59.313866,+60.338822,-6563.382842,+1015.135853
2009-10-02T00:06:39.313866,-78.279470,-6401.330542,+1766.762153
2009-10-02T00:08:19.313866,-212.825678,-6150.526396,+2494.276644
2009-10-02T00:09:59.313865,-340.208234,-5814.471811,+3187.758954
2009-10-02T00:11:39.313865,-457.493955,-5397.872127,+3837.762828
2009-10-02T00:13:19.313865,-561.964820,-4906.566963,+4435.444096
2009-10-02T00:14:59.313864,-651.170867,-4347.443085,+4972.681492
2009-10-02T00:16:39.313864,-722.977187,-3728.333502,+5442.184741
2009-10-02T00:18:19.313864,-775.605304,-3057.903247,+5837.592076
2009-10-02T00:19:59.313863,-807.667668,-2345.523292,+6153.552148
2009-10-02T00:21:39.313863,-818.194664,-1601.138273,+6385.790427
2009-10-02T00:23:19.313863,-806.654174,-835.128601,+6531.163489
2009-10-02T00:24:59.313862,-772.964448,-58.166521,+6587.699404
2009-10-02T00:26:39.313862,-717.498995,+718.931044,+6554.622939
2009-10-02T00:28:19.313862,-641.082375,+1485.351481,+6432.366042
2009-10-02T00:29:59.313861,-544.978105,+2230.434986,+6222.562825
2009-10-02T00:31:39.313861,-430.868781,+2943.821383,+5928.030184
2009-10-02T00:33:19.313861,-300.828723,+3615.593599,+5552.734055
2009-10-02T00:34:59.313861,-157.289952,+4236.416728,+5101.739449
2009-10-02T00:36:39.313860,-3.000455,+4797.669156,+4581.147475
2009-10-02T00:38:19.313860,+159.023782,+5291.568404,+3998.017632
2009-10-02T00:39:59.313860,+325.552869,+5711.281541,+3360.271992
2009-10-02T00:41:39.313859,+493.200254,+6051.024600,+2676.596180
2009-10-02T00:43:19.313859,+658.486149,+6306.155897,+1956.318858
2009-10-02T00:44:59.313859,+817.903550,+6473.241027,+1209.280800
2009-10-02T00:46:39.313858,+967.984057,+6550.104536,+445.697439
2009-10-02T00:48:19.313858,+1105.365690,+6535.860457,-323.984574
2009-10-02T00:49:59.313858,+1226.858446,+6430.923362,-1089.235790
2009-10-02T00:51:39.313857,+1329.507162,+6236.998811,-1839.592433
2009-10-02T00:53:19.313857,+1410.650571,+5957.054541,-2564.804213
2009-10-02T00:54:59.313857,+1467.975262,+5595.271622,-3254.978766
2009-10-02T00:56:39.313856,+1499.563457,+5156.976713,-3900.719565
2009-10-02T00:58:19.313856,+1503.934415,+4648.557254,-4493.255264
2009-10-02T00:59:59.313856,+1480.077745,+4077.360947,-5024.557543
2009-10-02T01:01:39.313856,+1427.478424,+3451.584226,-5487.446336
2009-10-02T01:03:19.313855,+1346.133797,+2780.150082,-5875.683944
2009-10-02T01:04:59.313855,+1236.561325,+2072.575992,-6184.053078
2009-10-02T01:06:39.313855,+1099.797809,+1338.838003,-6408.420339
2009-10-02T01:08:19.313854,+937.390497,+589.230852,-6545.787808
2009-10-02T01:09:59.313854,+751.379415,-165.775771,-6594.328121
2009-10-02T01:11:39.313854,+544.271950,-915.681536,-6553.405658
2009-10-02T01:13:19.313853,+319.009137,-1650.098131,-6423.581877
2009-10-02T01:14:59.313853,+78.925390,-2358.888409,-6206.607717
2009-10-02T01:16:39.313853,-172.299719,-3032.303612,-5905.404187
2009-10-02T01:18:19.313852,-430.696493,-3661.117061,-5524.025428
2009-10-02T01:19:59.313852,-692.065093,-4236.749299,-5067.608690
2009-10-02T01:21:39.313852,-952.041107,-4751.386779,-4542.310726
2009-10-02T01:23:19.313851,-1206.166114,-5198.091063,-3955.229746
2009-10-02T01:24:59.313851,-1449.961654,-5570.896621,-3314.313444
2009-10-02T01:26:39.313851,-1679.005232,-5864.895243,-2628.254578
2009-10-02T01:28:19.313850,-1889.007373,-6076.306056,-1906.375182
2009-10-02T01:29:59.313850,-2075.888314,-6202.529897,-1158.500038
2009-10-02T01:31:39.313850,-2235.852452,-6242.186025,-394.821163
2009-10-02T01:33:19.313850,-2365.459632,-6195.129810,+374.244558
2009-10-02T01:34:59.313849,-2461.691302,-6062.450784,+1138.201388
2009-10-02T01:36:39.313849,-2522.010355,-5846.451743,+1886.622367
2009-10-02T01:38:19.313849,-2544.413354,-5550.608690,+2609.295914
2009-10-02T01:39:59.313848,-2527.474044,-5179.512833,+3296.368678
2009-10-02T01:41:39.313848,-2470.377064,-4738.795792,+3938.481993
2009-10-02T01:43:19.313848,-2372.942003,-4235.040200,+4526.899855
2009-10-02T01:44:59.313847,-2235.637639,-3675.678028,+5053.627417
2009-10-02T01:46:39.313847,-2059.585584,-3068.876062,+5511.518532
2009-10-02T01:48:19.313847,-1846.552849,-2423.412914,+5894.368740
2009-10-02T01:49:59.313846,-1598.933953,-1748.550766,+6196.995514
2009-10-02T01:51:39.313846,-1319.723499,-1053.902031,+6415.305455
2009-10-02T01:53:19.313846,-1012.479867,-349.290881,+6546.345042
2009-10-02T01:54:59.313845,-681.281000,+355.383639,+6588.336235
2009-10-02T01:56:39.313845,-330.671123,+1050.284256,+6540.700398
2009-10-02T01:58:19.313845,+34.400647,+1725.771630,+6404.066242
2009-10-02T01:59:59.313845,+408.649515,+2372.536822,+6180.262853
2009-10-02T02:01:39.313844,+786.530382,+2981.728101,+5872.297096
2009-10-02T02:03:19.313844,+1162.318460,+3545.072060,+5484.317688
2009-10-02T02:04:59.313844,+1530.194643,+4054.987580,+5021.563417
2009-10-02T02:06:39.313843,+1884.334675,+4504.690686,+4490.297570
2009-10-02T02:08:19.313843,+2219.001580,+4888.289457,+3897.726797
2009-10-02T02:09:59.313843,+2528.637870,+5200.863622,+3251.905902
2009-10-02T02:11:39.313842,+2807.958211,+5438.533836,+2561.633471
2009-10-02T02:13:19.313842,+3052.040680,+5598.517911,+1836.330057
2009-10-02T02:14:59.313842,+3256.412124,+5679.165014,+1085.906320
2009-10-02T02:16:39.313841,+3417.127594,+5679.974121,+320.625042
2009-10-02T02:18:19.313841,+3530.843211,+5601.595610,-449.043596
2009-10-02T02:19:59.313841,+3594.879751,+5445.812612,-1212.570747
2009-10-02T02:21:39.313840,+3607.275401,+5215.505922,-1959.517330
2009-10-02T02:23:19.313840,+3566.827895,+4914.601453,-2679.682116
2009-10-02T02:24:59.313840,+3473.123665,+4548.001089,-3363.245111
2009-10-02T02:26:39.313840,+3326.553783,+4121.498820,-4000.903993
2009-10-02T02:28:19.313839,+3128.317575,+3641.685242,-4584.000052
2009-10-02T02:29:59.313839,+2880.413500,+3115.842556,-5104.635838
2009-10-02T02:31:39.313839,+2585.617476,+2551.829117,-5555.778885
2009-10-02T02:33:19.313838,+2247.449729,+1957.959195,-5931.352228
2009-10-02T02:34:59.313838,+1870.129900,+1342.878285,-6226.311078
2009-10-02T02:36:39.313838,+1458.523222,+715.436697,-6436.703777
2009-10-02T02:38:19.313837,+1018.078164,+84.563808,-6559.719727
2009-10-02T02:39:59.313837,+554.753324,-540.857492,-6593.724072
2009-10-02T02:41:39.313837,+74.937258,-1152.113907,-6538.274935
2009-10-02T02:43:19.313836,-414.637230,-1740.779584,-6394.127284
2009-10-02T02:44:59.313836,-906.985169,-2298.828745,-6163.224410
2009-10-02T02:46:39.313836,-1394.967640,-2818.744189,-5848.674133
2009-10-02T02:48:19.313835,-1871.392829,-3293.617209,-5454.709743
2009-10-02T02:49:59.313835,-2329.119693,-3717.239156,-4986.638444
2009-10-02T02:51:39.313835,-2761.164767,-4084.185063,-4450.776146
2009-10-02T02:53:19.313835,-3160.809313,-4389.885980,-3854.366199
2009-10-02T02:54:59.313834,-3521.704062,-4630.688754,-3205.485346
2009-10-02T02:56:39.313834,-3837.971213,-4803.903364,-2512.937621
2009-10-02T02:58:19.313834,-4104.301691,-4907.835687,-1786.136179
2009-10-02T02:59:59.313833,-4316.045314,-4941.805656,-1034.975243
2009-10-02T03:01:39.313833,-4469.292186,-4906.149683,-269.693602
2009-10-02T03:03:19.313833,-4560.943261,-4802.207692,+499.268006
2009-10-02T03:04:59.313832,-4588.769192,-4632.294274,+1261.413672
2009-10-02T03:06:39.313832,-4551.455168,-4399.653816,+2006.340696
2009-10-02T03:08:19.313832,-4448.631139,-4108.401301,+2723.885513
2009-10-02T03:09:59.313831,-4280.887442,-3763.450047,+3404.265475
2009-10-02T03:11:39.313831,-4049.775760,-3370.428329,+4038.214316
2009-10-02T03:13:19.313831,-3757.794505,-2935.585425,+4617.109893
2009-10-02T03:14:59.313830,-3408.359365,-2465.689622,+5133.089442
2009-10-02T03:16:39.313830,-3005.761359,-1967.921804,+5579.153457
2009-10-02T03:18:19.313830,-2555.112204,-1449.765548,+5949.258155
2009-10-02T03:19:59.313829,-2062.277393,-918.893535,+6238.394367
2009-10-02T03:21:39.313829,-1533.798045,-383.052559,+6442.652095
2009-10-02T03:23:19.313829,-976.802027,+150.048369,+6559.267636
2009-10-02T03:24:59.313829,-398.909641,+672.846182,+6586.658061
2009-10-02T03:26:39.313828,+191.869082,+1178.030125,+6524.441772
2009-10-02T03:28:19.313828,+787.243726,+1658.642740,+6373.444521
2009-10-02T03:29:59.313828,+1378.758742,+2108.175382,+6135.689258
2009-10-02T03:31:39.313827,+1957.911551,+2520.655233,+5814.371352
2009-10-02T03:33:19.313827,+2516.273494,+2890.724678,+5413.820374
2009-10-02T03:34:59.313827,+3045.613030,+3213.712877,+4939.447438
2009-10-02T03:36:39.313826,+3538.019302,+3485.697376,+4397.675426
2009-10-02T03:38:19.313826,+3986.019543,+3703.552554,+3795.854604
2009-10-02T03:39:59.313826,+4382.696954,+3864.989991,+3142.171074
2009-10-02T03:41:39.313825,+4721.802639,+3968.584351,+2445.532179
2009-10-02T03:43:19.313825,+4997.855635,+4013.785044,+1715.446664
2009-10-02T03:44:59.313825,+5206.236095,+4000.914832,+961.892689
2009-10-02T03:46:39.313824,+5343.264027,+3931.154508,+195.177844
2009-10-02T03:48:19.313824,+5406.264552,+3806.513718,-574.207305
2009-10-02T03:49:59.313824,+5393.616552,+3629.788233,-1335.737735
2009-10-02T03:51:39.313824,+5304.785489,+3404.504602,-2079.003411
2009-10-02T03:53:19.313823,+5140.337929,+3134.853474,-2793.856025
2009-10-02T03:54:59.313823,+4901.939530,+2825.613599,-3470.550366
2009-10-02T03:56:39.313823,+4592.336933,+2482.068564,-4099.879582
2009-10-02T03:58:19.313822,+4215.320831,+2109.915349,-4673.302370
2009-10-02T03:59:59.313822,+3775.674549,+1715.168153,-5183.055763
2009-10-02T04:01:39.313822,+3279.108339,+1304.060880,-5622.256898
2009-10-02T04:03:19.313821,+2732.181142,+882.948756,-5984.991964
2009-10-02T04:04:59.313821,+2142.209670,+458.210099,-6266.390161
2009-10-02T04:06:39.313821,+1517.168652,+36.151319,-6462.682484
2009-10-02T04:08:19.313820,+865.584342,-377.084914,-6571.248259
2009-10-02T04:09:59.313820,+196.416892,-775.607888,-6590.646442
2009-10-02T04:11:39.313820,-481.060288,-1153.860733,-6520.630414
2009-10-02T04:13:19.313819,-1157.385647,-1506.695397,-6362.150499
2009-10-02T04:14:59.313819,-1823.039477,-1829.441038,-6117.342810
2009-10-02T04:16:39.313819,-2468.575462,-2117.965229,-5789.502078
2009-10-02T04:18:19.313819,-3084.751598,-2368.725649,-5383.040927
2009-10-02T04:19:59.313818,-3662.661411,-2578.814458,-4903.436773
2009-10-02T04:21:39.313818,-4193.864658,-2745.993062,-4357.163187
2009-10-02T04:23:19.313818,-4670.511996,-2868.716371,-3751.606607
2009-10-02T04:24:59.313817,-5085.463978,-2946.146478,-3094.970635
2009-10-02T04:26:39.313817,-5432.402157,-2978.155563,-2396.167753
2009-10-02T04:28:19.313817,-5705.929726,-2965.317516,-1664.699014
2009-10-02T04:29:59.313816,-5901.659056,-2908.888444,-910.524681
2009-10-02T04:31:39.313816,-6016.285554,-2810.776181,-143.926252
2009-10-02T04:33:19.313816,-6047.645067,-2673.498992,+624.636374
2009-10-02T04:34:59.313815,-5994.754856,-2500.135135,+1384.672006
2009-10-02T04:36:39.313815,-5857.834929,-2294.263135,+2125.806997
2009-10-02T04:38:19.313815,-5638.309212,-2059.893995,+2837.930324
2009-10-02T04:39:59.313814,-5338.791340,-1801.397957,+3511.333860
2009-10-02T04:41:39.313814,-4963.049652,-1523.426258,+4136.848878
2009-10-02T04:43:19.313814,-4515.953708,-1230.829117,+4705.970220
2009-10-02T04:44:59.313814,-4003.407039,-928.573241,+5210.969395
2009-10-02T04:46:39.313813,-3432.266151,-621.659739,+5644.997512
2009-10-02T04:48:19.313813,-2810.245159,-315.042248,+6002.175821
2009-10-02T04:49:59.313813,-2145.808098,-13.547917,+6277.671758
2009-10-02T04:51:39.313812,-1448.051430,+278.196339,+6467.759105
2009-10-02T04:53:19.313812,-726.579835,+555.832973,+6569.864798
2009-10-02T04:54:59.313812,+8.624799,+815.337704,+6582.601330
2009-10-02T04:56:39.313811,+747.339342,+1053.076841,+6505.784088
2009-10-02T04:58:19.313811,+1479.239374,+1265.858067,+6340.435235
2009-10-02T04:59:59.313811,+2194.041839,+1450.973417,+6088.770878
2009-10-02T05:01:39.313810,+2881.647451,+1606.233433,+5754.174739
2009-10-02T05:03:19.313810,+3532.284167,+1729.993155,+5341.157526
2009-10-02T05:04:59.313810,+4136.646841,+1821.168937,+4855.299467
2009-10-02T05:06:39.313809,+4686.031463,+1879.246870,+4303.180330
2009-10-02T05:08:19.313809,+5172.465674,+1904.282891,+3692.296632
2009-10-02T05:09:59.313809,+5588.831876,+1896.891275,+3030.959595
2009-10-02T05:11:39.313809,+5928.973201,+1858.224936,+2328.183155
2009-10-02T05:13:19.313808,+6187.792416,+1789.947043,+1593.562648
2009-10-02T05:14:59.313808,+6361.334162,+1694.193086,+837.139895
2009-10-02T05:16:39.313808,+6446.847519,+1573.524584,+69.262588
2009-10-02T05:18:19.313807,+6442.833333,+1430.877354,-699.562234
2009-10-02T05:19:59.313807,+6349.068798,+1269.502427,-1458.818211
2009-10-02T05:21:39.313807,+6166.613850,+1092.901075,-2198.126976
2009-10-02T05:23:19.313806,+5897.797671,+904.756475,-2907.395560
2009-10-02T05:24:59.313806,+5546.183660,+708.864246,-3576.957630
2009-10-02T05:26:39.313806,+5116.516196,+509.062237,-4197.707474
2009-10-02T05:28:19.313805,+4614.649361,+309.160078,-4761.223839
2009-10-02T05:29:59.313805,+4047.460388,+112.871039,-5259.881308
2009-10-02T05:31:39.313805,+3422.749984,-76.252333,-5686.949530
2009-10-02T05:33:19.313804,+2749.130870,-254.878273,-6036.680631
2009-10-02T05:34:59.313804,+2035.904162,-419.951091,-6304.380670
2009-10-02T05:36:39.313804,+1292.930513,-568.740590,-6486.465845
2009-10-02T05:38:19.313804,+530.494730,-698.885226,-6580.507166
2009-10-02T05:39:59.313803,-240.836712,-808.427249,-6585.258283
2009-10-02T05:41:39.313803,-1010.358149,-895.841028,-6500.668786
2009-10-02T05:43:19.313803,-1767.370511,-960.053526,-6327.885380
2009-10-02T05:44:59.313802,-2501.327755,-1000.456596,-6069.236591
2009-10-02T05:46:39.313802,-3201.979798,-1016.912023,-5728.202608
2009-10-02T05:48:19.313802,-3859.513187,-1009.748517,-5309.374733
2009-10-02T05:49:59.313801,-4464.690025,-979.750556,-4818.398369
2009-10-02T05:51:39.313801,-5008.979127,-928.139411,-4261.901809
2009-10-02T05:53:19.313801,-5484.679112,-856.546851,-3647.411589
2009-10-02T05:54:59.313800,-5885.032351,-766.981375,-2983.254923
2009-10-02T05:56:39.313800,-6204.326950,-661.787513,-2278.449127
2009-10-02T05:58:19.313800,-6437.983579,-543.598374,-1542.579808
2009-10-02T05:59:59.313799,-6582.627349,-415.284987,-785.670571
2009-10-02T06:01:39.313799,-6636.142153,-279.897939,-18.042026
2009-10-02T06:03:19.313799,-6597.702270,-140.606459,+749.831959
2009-10-02T06:04:59.313799,-6467.787728,-0.636132,+1507.470401
2009-10-02T06:06:39.313798,-6248.178221,+136.794454,+2244.533123
2009-10-02T06:08:19.313798,-5941.926600,+268.536707,+2950.965854
2009-10-02T06:09:59.313798,-5553.312852,+391.573701,+3617.140919
2009-10-02T06:11:39.313797,-5087.778746,+503.079059,+4233.989843
2009-10-02T06:13:19.313797,-4551.846668,+600.471440,+4793.127088
2009-10-02T06:14:59.313797,-3953.022370,+681.464314,+5286.961975
2009-10-02T06:16:39.313796,-3299.686290,+744.110182,+5708.798827
2009-10-02T06:18:19.313796,-2600.972399,+786.837693,+6052.924771
2009-10-02T06:19:59.313796,-1866.638595,+808.481749,+6314.683595
2009-10-02T06:21:39.313795,-1106.928263,+808.307445,+6490.535122
2009-10-02T06:23:19.313795,-332.427784,+786.025290,+6578.098198
2009-10-02T06:24:59.313795,+446.079065,+741.798728,+6576.180778
2009-10-02T06:26:39.313794,+1217.758646,+676.243665,+6484.794965
2009-10-02T06:28:19.313794,+1971.876158,+590.420528,+6305.158177
2009-10-02T06:29:59.313794,+2697.942816,+485.818354,+6039.678627
2009-10-02T06:31:39.313794,+3385.861365,+364.331080,+5691.927352
2009-10-02T06:33:19.313793,+4026.067207,+228.225798,+5266.593857
2009-10-02T06:34:59.313793,+4609.663399,+80.104195,+4769.427644
2009-10-02T06:36:39.313793,+5128.546823,-77.142886,+4207.164518
2009-10-02T06:38:19.313792,+5575.525875,-240.387146,+3587.440014
2009-10-02T06:39:59.313792,+5944.426758,-406.318729,+2918.688478
2009-10-02T06:41:39.313792,+6230.186391,-571.506833,+2210.028861
2009-10-02T06:43:19.313791,+6428.926088,-732.463840,+1471.137984
2009-10-02T06:44:59.313791,+6538.009047,-885.712058,+712.117574
2009-10-02T06:46:39.313791,+6556.080869,-1027.850134,-56.647211
2009-10-02T06:48:19.313790,+6483.089214,-1155.619534,-824.636624
2009-10-02T06:49:59.313790,+6320.280365,-1265.968807,-1581.345066
2009-10-02T06:51:39.313790,+6070.177454,-1356.114349,-2316.430570
2009-10-02T06:53:19.313789,+5736.537138,-1423.596616,-3019.860346
2009-10-02T06:54:59.313789,+5324.288338,-1466.331046,-3682.050668
2009-10-02T06:56:39.313789,+4839.453327,-1482.651661,-4293.998844
2009-10-02T06:58:19.313788,+4289.053598,-1471.347122,-4847.405019
2009-10-02T06:59:59.313788,+3681.002372,-1431.689627,-5334.783231
2009-10-02T07:01:39.313788,+3023.984665,-1363.455506,-5749.558702
2009-10-02T07:03:19.313788,+2327.329410,-1266.936877,-6086.151033
2009-10-02T07:04:59.313787,+1600.875322,-1142.943973,-6340.044181
2009-10-02T07:06:39.313787,+854.830614,-992.799329,-6507.841698
2009-10-02T07:08:19.313787,+99.630871,-818.324638,-6587.306980
2009-10-02T07:09:59.313786,-654.205230,-621.818300,-6577.389078
2009-10-02T07:11:39.313786,-1396.218584,-406.025824,-6478.235129
2009-10-02T07:13:19.313786,-2116.152808,-174.101676,-6291.187542
2009-10-02T07:14:59.313785,-2804.092735,+70.435482,-6018.766225
2009-10-02T07:16:39.313785,-3450.597461,+323.754117,-5664.637633
2009-10-02T07:18:19.313785,-4046.829589,+581.768217,-5233.570722
2009-10-02T07:19:59.313784,-4584.676447,+840.200423,-4731.376660
2009-10-02T07:21:39.313784,-5056.862818,+1094.649730,-4164.837372
2009-10-02T07:23:19.313784,-5457.054290,+1340.664992,-3541.618266
2009-10-02T07:24:59.313783,-5779.946456,+1573.820129,-2870.167758
2009-10-02T07:26:39.313783,-6021.340520,+1789.790260,-2159.604727
2009-10-02T07:28:19.313783,-6178.203417,+1984.428255,-1419.595781
2009-10-02T07:29:59.313783,-6248.711293,+2153.840493,-660.222609
2009-10-02T07:31:39.313782,-6232.274366,+2294.458837,+108.158554
2009-10-02T07:33:19.313782,-6129.541837,+2403.108338,+875.062361
2009-10-02T07:34:59.313782,-5942.387785,+2477.069450,+1630.021065
2009-10-02T07:36:39.313781,-5673.878218,+2514.133561,+2362.732312
2009-10-02T07:38:19.313781,-5328.218812,+2512.649811,+3063.202825
2009-10-02T07:39:59.313781,-4910.686953,+2471.562693,+3721.888250
2009-10-02T07:41:39.313780,-4427.546137,+2390.439581,+4329.824563
2009-10-02T07:43:19.313780,-3885.947755,+2269.488447,+4878.749061
2009-10-02T07:44:59.313780,-3293.821830,+2109.565297,+5361.210916
2009-10-02T07:46:39.313779,-2659.757916,+1912.171984,+5770.670233
2009-10-02T07:48:19.313779,-1992.876870,+1679.443170,+6101.583322
2009-10-02T07:49:59.313779,-1302.698078,+1414.123060,+6349.473895
2009-10-02T07:51:39.313778,-599.002786,+1119.532669,+6510.988985
2009-10-02T07:53:19.313778,+108.302890,+799.528434,+6583.939850
2009-10-02T07:54:59.313778,+809.325277,+458.452089,+6567.330137
2009-10-02T07:56:39.313778,+1494.319463,+101.072922,+6461.368697
2009-10-02T07:58:19.313777,+2153.822668,-267.477437,+6267.468075
2009-10-02T07:59:59.313777,+2778.783517,-641.778008,+5988.228757
2009-10-02T08:01:39.313777,+3360.686417,-1016.196336,+5627.407891
2009-10-02T08:03:19.313776,+3891.669466,-1384.971976,+5189.873090
2009-10-02T08:04:59.313776,+4364.632244,-1742.304766,+4681.540569
2009-10-02T08:06:39.313776,+4773.333859,-2082.445128,+4109.300327
2009-10-02T08:08:19.313775,+5112.481071,-2399.786495,+3480.927211
2009-10-02T08:09:59.313775,+5377.802902,-2688.958022,+2804.976508
2009-10-02T08:11:39.313775,+5566.108124,-2944.915068,+2090.667130
2009-10-02T08:13:19.313774,+5675.327710,-3163.026655,+1347.756039
2009-10-02T08:14:59.313774,+5704.541511,-3339.158747,+586.402330
2009-10-02T08:16:39.313774,+5653.984509,-3469.749139,-182.976463
2009-10-02T08:18:19.313773,+5525.037542,-3551.874943,-949.851130
2009-10-02T08:19:59.313773,+5320.197487,-3583.309417,-1703.732090
2009-10-02T08:21:39.313773,+5043.029917,-3562.566466,-2434.317285
2009-10-02T08:23:19.313773,+4698.106290,-3488.935455,-3131.637016
2009-10-02T08:24:59.313772,+4290.925245,-3362.501949,-3786.193433
2009-10-02T08:26:39.313772,+3827.820794,-3184.156713,-4389.090743
2009-10-02T08:28:19.313772,+3315.858980,-2955.590788,-4932.156005
2009-10-02T08:29:59.313771,+2762.725455,-2679.277915,-5408.046705
2009-10-02T08:31:39.313771,+2176.607421,-2358.446326,-5810.344915
2009-10-02T08:33:19.313771,+1566.071400,-1997.040296,-6133.639668
2009-10-02T08:34:59.313770,+939.936305,-1599.669061,-6373.596012
2009-10-02T08:36:39.313770,+307.145826,-1171.545839,-6527.006517
2009-10-02T08:38:19.313770,-323.357784,-718.419326,-6591.829247
2009-10-02T08:39:59.313769,-942.757081,-246.497361,-6567.210788
2009-10-02T08:41:39.313769,-1542.480807,+237.636124,-6453.496264
2009-10-02T08:43:19.313769,-2114.319886,+727.111147,-6252.223138
2009-10-02T08:44:59.313768,-2650.537091,+1214.867072,-5966.102635
2009-10-02T08:46:39.313768,-3143.969397,+1693.752141,-5598.985911
2009-10-02T08:48:19.313768,-3588.123435,+2156.626355,-5155.818099
2009-10-02T08:49:59.313768,-3977.263301,+2596.467290,-4642.577108
2009-10-02T08:51:39.313767,-4306.486915,+3006.476473,-4066.196642
2009-10-02T08:53:19.313767,-4571.790104,+3380.184617,-3434.476889
2009-10-02T08:54:59.313767,-4770.118789,+3711.555062,-2755.983534
2009-10-02T08:56:39.313766,-4899.407294,+3995.082490,-2039.932556
2009-10-02T08:58:19.313766,-4958.601843,+4225.884972,-1296.066332
2009-10-02T08:59:59.313766,-4947.669623,+4399.788827,-534.519674
2009-10-02T09:01:39.313765,-4867.591259,+4513.403340,+234.320747
2009-10-02T09:03:19.313765,-4720.337831,+4564.184526,+999.962464
2009-10-02T09:04:59.313765,-4508.831631,+4550.483827,+1751.955363
2009-10-02T09:06:39.313764,-4236.892056,+4471.584046,+2480.038779
2009-10-02T09:08:19.313764,-3909.167129,+4327.720486,+3174.284764
2009-10-02T09:09:59.313764,-3531.053610,+4120.087162,+3825.235779
2009-10-02T09:11:39.313763,-3108.606782,+3850.828009,+4424.034103
2009-10-02T09:13:19.313763,-2648.442297,+3523.013865,+4962.542678
2009-10-02T09:14:59.313763,-2157.630392,+3140.605019,+5433.454300
2009-10-02T09:16:39.313763,-1643.585384,+2708.400817,+5830.387682
2009-10-02T09:18:19.313762,-1113.952107,+2231.976949,+6147.970277
2009-10-02T09:19:59.313762,-576.491921,+1717.611173,+6381.905206
2009-10-02T09:21:39.313762,-38.971525,+1172.200694,+6529.025986
2009-10-02T09:23:19.313761,+490.948916,+603.169662,+6587.336678
2009-10-02T09:24:59.313761,+1005.823392,+18.369872,+6556.036545
2009-10-02T09:26:39.313761,+1498.522762,-574.025796,+6435.531572
2009-10-02T09:28:19.313760,+1962.332447,-1165.636639,+6227.430236
2009-10-02T09:29:59.313760,+2391.042859,-1747.990215,+5934.524206
2009-10-02T09:31:39.313760,+2779.033678,-2312.643234,+5560.756255
2009-10-02T09:33:19.313759,+3121.348826,-2851.303771,+5111.170405
2009-10-02T09:34:59.313759,+3413.761330,-3355.953864,+4591.848943
2009-10-02T09:36:39.313759,+3652.828263,-3818.970605,+4009.834494
2009-10-02T09:38:19.313758,+3835.934530,-4233.244170,+3373.037513
2009-10-02T09:39:59.313758,+3961.322805,-4592.290300,+2690.130737
2009-10-02T09:41:39.313758,+4028.111451,-4890.355836,+1970.431554
2009-10-02T09:43:19.313758,+4036.298354,-5122.513982,+1223.773231
2009-10-02T09:44:59.313757,+3986.750685,-5284.748041,+460.367120
2009-10-02T09:46:39.313757,+3881.180344,-5374.020342,-309.340679
2009-10-02T09:48:19.313757,+3722.107532,-5388.328700,-1074.816737
2009-10-02T09:49:59.313756,+3512.809242,-5326.745312,-1825.591268
2009-10-02T09:51:39.313756,+3257.256736,-5189.437725,-2551.405580
2009-10-02T09:53:19.313756,+2960.043404,-4977.673670,-3242.356845
2009-10-02T09:54:59.313755,+2626.302520,-4693.807787,-3889.036699
2009-10-02T09:56:39.313755,+2261.617271,-4341.251463,-4482.660026
2009-10-02T09:58:19.313755,+1871.926153,-3924.426687,-5015.183475
2009-10-02T09:59:59.313754,+1463.425954,-3448.704561,-5479.410972
2009-10-02T10:01:39.313754,+1042.473154,-2920.331847,-5869.086275
2009-10-02T10:03:19.313754,+615.485022,-2346.345912,-6178.972570
2009-10-02T10:04:59.313753,+188.841799,-1734.478321,-6404.917562
2009-10-02T10:06:39.313753,-231.207252,-1093.049302,-6543.903397
2009-10-02T10:08:19.313753,-638.632598,-430.854435,-6594.082459
2009-10-02T10:09:59.313753,-1027.708981,+242.954309,-6554.798467
2009-10-02T10:11:39.313752,-1393.094483,+918.991831,-6426.592751
2009-10-02T10:13:19.313752,-1729.902040,+1587.768288,-6211.197368
2009-10-02T10:14:59.313752,-2033.762650,+2239.818658,-5911.512678
2009-10-02T10:16:39.313751,-2300.882265,+2865.834375,-5531.573627
2009-10-02T10:18:19.313751,-2528.088896,+3456.795363,-5076.499018
2009-10-02T10:19:59.313751,-2712.870709,+4004.100142,-4552.428655
2009-10-02T10:21:39.313750,-2853.405029,+4499.693290,-3966.445098
2009-10-02T10:23:19.313750,-2948.576150,+4936.186676,-3326.480877
2009-10-02T10:24:59.313750,-2997.981442,+5306.971329,-2641.214087
2009-10-02T10:26:39.313749,-3001.927972,+5606.321828,-1919.954332
2009-10-02T10:28:19.313749,-2961.417559,+5829.490202,-1172.515994
2009-10-02T10:29:59.313749,-2878.118817,+5972.783871,-409.082100
2009-10-02T10:31:39.313749,-2754.331153,+6033.628111,+359.934609
2009-10-02T10:33:19.313748,-2592.939401,+6010.615759,+1124.038492
2009-10-02T10:34:59.313748,-2397.355948,+5903.535192,+1872.801127
2009-10-02T10:36:39.313748,-2171.454738,+5713.378098,+2596.007755
2009-10-02T10:38:19.313747,-1919.499720,+5442.329522,+3283.799516
2009-10-02T10:39:59.313747,-1646.068276,+5093.740272,+3926.809456
2009-10-02T10:41:39.313747,-1355.970997,+4672.081727,+4516.291075
2009-10-02T10:43:19.313746,-1054.168742,+4182.883717,+5044.236901
2009-10-02T10:44:59.313746,-745.688648,+3632.657574,+5503.484710
2009-10-02T10:46:39.313746,-435.543082,+3028.805783,+5887.811908
2009-10-02T10:48:19.313745,-128.649171,+2379.518599,+6192.015811
2009-10-02T10:49:59.313745,+170.247067,+1693.662103,+6411.979482
2009-10-02T10:51:39.313745,+456.643055,+980.656573,+6544.724914
2009-10-02T10:53:19.313744,+726.346180,+250.347140,+6588.449086
2009-10-02T10:54:59.313744,+975.533962,-487.128944,+6542.547137
2009-10-02T10:56:39.313744,+1200.807301,-1221.481763,+6407.621798
2009-10-02T10:58:19.313744,+1399.237008,-1942.410190,+6185.476377
2009-10-02T10:59:59.313743,+1568.401572,-2639.745319,+5879.093982
2009-10-02T11:01:39.313743,+1706.417212,-3303.593603,+5492.600993
2009-10-02T11:03:19.313743,+1811.958458,-3924.478703,+5031.215799
2009-10-02T11:04:59.313742,+1884.269940,-4493.477417,+4501.181724
2009-10-02T11:06:39.313742,+1923.169834,-5002.350687,+3909.688356
2009-10-02T11:08:19.313742,+1929.044370,-5443.669447,+3264.777502
2009-10-02T11:09:59.313741,+1902.830791,-5810.928047,+2575.234014
2009-10-02T11:11:39.313741,+1845.991496,-6098.644978,+1850.466390
2009-10-02T11:13:19.313741,+1760.481185,-6302.449589,+1100.377824
2009-10-02T11:14:59.313740,+1648.704210,-6419.153656,+335.227769
2009-10-02T11:16:39.313740,+1513.464238,-6446.804859,-434.511227
2009-10-02T11:18:19.313740,+1357.907813,-6384.723677,-1198.304966
2009-10-02T11:19:59.313739,+1185.461072,-6233.512394,-1945.707952
2009-10-02T11:21:39.313739,+999.760956,-5995.049465,-2666.510423
2009-10-02T11:23:19.313739,+804.586914,-5672.460561,-3350.881741
2009-10-02T11:24:59.313739,+603.791052,-5270.072565,-3989.506838
2009-10-02T11:26:39.313738,+401.226890,-4793.348700,-4573.713888
2009-10-02T11:28:19.313738,+200.680028,-4248.807565,-5095.590078
2009-10-02T11:29:59.313738,+5.801874,-3643.928135,-5548.086121
2009-10-02T11:31:39.313737,-179.952994,-2987.041281,-5925.107142
2009-10-02T11:33:19.313737,-353.384282,-2287.211145,-6221.589237
2009-10-02T11:34:59.313737,-511.598072,-1554.107634,-6433.561654
2009-10-02T11:36:39.313736,-652.052525,-797.873007,-6558.194359
2009-10-02T11:38:19.313736,-772.596402,-28.982319,-6593.832534
2009-10-02T11:39:59.313736,-871.500509,+741.899647,-6540.014020
2009-10-02T11:41:39.313735,-947.481902,+1504.062300,-6397.474620
2009-10-02T11:43:19.313735,-999.720206,+2246.894950,-6168.137846
2009-10-02T11:44:59.313735,-1027.865372,+2960.030550,-5855.091151
2009-10-02T11:46:39.313734,-1032.038116,+3633.489663,-5462.549953
2009-10-02T11:48:19.313734,-1012.822397,+4257.819206,-4995.804117
2009-10-02T11:49:59.313734,-971.249575,+4824.226600,-4461.152884
2009-10-02T11:51:39.313734,-908.775383,+5324.706833,-3865.824132
2009-10-02T11:53:19.313733,-827.249099,+5752.159589,-3217.879997
2009-10-02T11:54:59.313733,-728.875606,+6100.494235,-2526.110701
2009-10-02T11:56:39.313733,-616.170636,+6364.722638,-1799.917175
2009-10-02T11:58:19.313732,-491.910772,+6541.035722,-1049.182607
2009-10-02T11:59:59.313732,-359.078134,+6626.863234,-284.136888
2009-10-02T12:01:39.313732,-220.800648,+6620.915320,+484.785531
2009-10-02T12:03:19.313731,-80.289731,+6523.204889,+1247.092090
2009-10-02T12:04:59.313731,+59.222346,+6335.048534,+1992.381026
2009-10-02T12:06:39.313731,+194.545549,+6059.045893,+2710.487151
2009-10-02T12:08:19.313730,+322.594430,+5699.040323,+3391.622657
2009-10-02T12:09:59.313730,+440.448180,+5260.061799,+4026.510919
2009-10-02T12:11:39.313730,+545.407099,+4748.256130,+4606.517226
2009-10-02T12:13:19.313729,+635.044240,+4170.785961,+5123.766615
2009-10-02T12:14:59.313729,+707.251447,+3535.728136,+5571.243667
2009-10-02T12:16:39.313729,+760.281192,+2851.958055,+5942.886386
2009-10-02T12:18:19.313729,+792.779551,+2129.022322,+6233.664361
2009-10-02T12:19:59.313728,+803.812472,+1377.004454,+6439.642863
2009-10-02T12:21:39.313728,+792.884739,+606.383505,+6558.032370
2009-10-02T12:23:19.313728,+759.951183,-172.109929,+6587.222838
2009-10-02T12:24:59.313727,+705.419966,-947.640348,+6526.805577
2009-10-02T12:26:39.313727,+630.147797,-1709.417204,+6377.579382
2009-10-02T12:28:19.313727,+535.426580,-2446.842894,+6141.541609
2009-10-02T12:29:59.313726,+422.963131,-3149.660729,+5821.865298
2009-10-02T12:31:39.313726,+294.850428,-3808.097207,+5422.856866
2009-10-02T12:33:19.313726,+153.532567,-4412.997481,+4949.903250
2009-10-02T12:34:59.313725,+1.763217,-4955.954503,+4409.405012
2009-10-02T12:36:39.313725,-157.442391,-5429.432066,+3808.695415
2009-10-02T12:38:19.313725,-320.862338,-5826.875359,+3155.942764
2009-10-02T12:39:59.313725,-485.127467,-6142.808331,+2460.041514
2009-10-02T12:41:39.313724,-646.784046,-6372.915067,+1730.489473
2009-10-02T12:43:19.313724,-802.358245,-6514.103140,+977.258226
2009-10-02T12:44:59.313724,-948.423566,-6564.553129,+210.652698
2009-10-02T12:46:39.313723,-1081.668000,-6523.743725,-558.835772
2009-10-02T12:48:19.313723,-1198.958622,-6392.456722,-1320.678517
2009-10-02T12:49:59.313723,-1297.403296,-6172.761557,-2064.458622
2009-10-02T12:51:39.313722,-1374.408918,-5867.980489,-2780.017814
2009-10-02T12:53:19.313722,-1427.734411,-5482.634139,-3457.599371
2009-10-02T12:54:59.313722,-1455.537669,-5022.368380,-4087.983908
2009-10-02T12:56:39.313721,-1456.414893,-4493.864295,-4662.614804
2009-10-02T12:58:19.313721,-1429.432378,-3904.734990,-5173.712203
2009-10-02T12:59:59.313721,-1374.150229,-3263.410581,-5614.375091
2009-10-02T13:01:39.313720,-1290.637364,-2579.013302,-5978.670312
2009-10-02T13:03:19.313720,-1179.477895,-1861.223986,-6261.707261
2009-10-02T13:04:59.313720,-1041.769173,-1120.143800,-6459.697213
2009-10-02T13:06:39.313720,-879.111917,-366.152856,-6569.998511
2009-10-02T13:08:19.313719,-693.591771,+390.233891,-6591.148253
2009-10-02T13:09:59.313719,-487.751960,+1138.509646,-6522.877589
2009-10-02T13:11:39.313719,-264.559283,+1868.318475,-6366.114602
2009-10-02T13:13:19.313718,-27.363216,+2569.594491,-6122.972384
2009-10-02T13:14:59.313718,+220.152908,+3232.699018,-5796.724958
2009-10-02T13:16:39.313718,+474.028239,+3848.552809,-5391.766065
2009-10-02T13:18:19.313717,+730.085015,+4408.759389,-4913.554192
2009-10-02T13:19:59.313717,+983.994704,+4905.721438,-4368.544851
2009-10-02T13:21:39.313717,+1231.348787,+5332.748048,-3764.108111
2009-10-02T13:23:19.313716,+1467.732597,+5684.148743,-3108.432348
2009-10-02T13:24:59.313716,+1688.801028,+5955.314535,-2410.416433
2009-10-02T13:26:39.313716,+1890.354729,+6142.784143,-1679.550081
2009-10-02T13:28:19.313715,+2068.415951,+6244.293554,-925.783974
2009-10-02T13:29:59.313715,+2219.301844,+6258.806566,-159.391572
2009-10-02T13:31:39.313715,+2339.693916,+6186.527040,+609.174116
2009-10-02T13:33:19.313715,+2426.702071,+6028.891124,+1369.426781
2009-10-02T13:34:59.313714,+2477.922223,+5788.541214,+2110.993661
2009-10-02T13:36:39.313714,+2491.486169,+5469.281290,+2823.760365
2009-10-02T13:38:19.313714,+2466.103566,+5076.015009,+3498.011935
2009-10-02T13:39:59.313713,+2401.094129,+4614.667704,+4124.567234
2009-10-02T13:41:39.313713,+2296.410055,+4092.093248,+4694.907131
2009-10-02T13:43:19.313713,+2152.645438,+3515.964431,+5201.288305
2009-10-02T13:44:59.313712,+1971.037980,+2894.657754,+5636.843933
2009-10-02T13:46:39.313712,+1753.461116,+2237.129934,+5995.673937
2009-10-02T13:48:19.313712,+1502.404818,+1552.786830,+6272.922037
2009-10-02T13:49:59.313711,+1220.946630,+851.347324,+6464.837249
2009-10-02T13:51:39.313711,+912.713901,+142.705954,+6568.819680
2009-10-02T13:53:19.313711,+581.837930,-563.203345,+6583.453638
2009-10-02T13:54:59.313710,+232.899136,-1256.545533,+6508.527663
2009-10-02T13:56:39.313710,-129.135560,-1927.720371,+6345.037204
2009-10-02T13:58:19.313710,-498.982621,-2567.493976,+6095.173093
2009-10-02T13:59:59.313710,-871.118092,-3167.125896,+5762.294224
2009-10-02T14:01:39.313709,-1239.857155,-3718.487544,+5350.885054
2009-10-02T14:03:19.313709,-1599.439005,-4214.173373,+4866.501492
2009-10-02T14:04:59.313709,-1944.117059,-4647.603820,+4315.701886
2009-10-02T14:06:39.313708,-2268.251135,-5013.118501,+3705.963298
2009-10-02T14:08:19.313708,-2566.400563,-5306.056096,+3045.581180
2009-10-02T14:09:59.313708,-2833.414946,-5522.817907,+2343.556792
2009-10-02T14:11:39.313707,-3064.522559,-5660.916339,+1609.474357
2009-10-02T14:13:19.313707,-3255.414400,-5719.007090,+853.368305
2009-10-02T14:14:59.313707,-3402.322051,-5696.903347,+85.582497
2009-10-02T14:16:39.313706,-3502.087968,-5595.572430,-683.375695
2009-10-02T14:18:19.313706,-3552.226190,-5417.113554,-1442.985057
2009-10-02T14:19:59.313706,-3550.972560,-5164.717386,-2182.860182
2009-10-02T14:21:39.313706,-3497.323365,-4842.608368,-2892.898479
2009-10-02T14:23:19.313705,-3391.061133,-4455.970764,-3563.421962
2009-10-02T14:24:59.313705,-3232.767438,-4010.861079,-4185.310694
2009-10-02T14:26:39.313705,-3023.823357,-3514.109084,-4750.126588
2009-10-02T14:28:19.313704,-2766.397189,-2973.208645,-5250.226093
2009-10-02T14:29:59.313704,-2463.420761,-2396.200804,-5678.859849
2009-10-02T14:31:39.313704,-2118.554071,-1791.551911,-6030.259273
2009-10-02T14:33:19.313703,-1736.138467,-1168.027549,-6299.709513
2009-10-02T14:34:59.313703,-1321.140014,-534.564901,-6483.606302
2009-10-02T14:36:39.313703,-879.084886,+99.854327,-6579.497606
2009-10-02T14:38:19.313702,-415.986785,+726.328045,-6586.112479
2009-10-02T14:39:59.313702,+61.734133,+1336.156046,-6503.375923
2009-10-02T14:41:39.313702,+547.336910,+1920.957258,-6332.408624
2009-10-02T14:43:19.313701,+1033.853447,+2472.783324,-6075.515321
2009-10-02T14:44:59.313701,+1514.187635,+2984.224700,-5736.155090
2009-10-02T14:46:39.313701,+1981.216127,+3448.510437,-5318.898678
2009-10-02T14:48:19.313701,+2427.893089,+3859.597458,-4829.371560
2009-10-02T14:49:59.313700,+2847.355705,+4212.251212,-4274.183672
2009-10-02T14:51:39.313700,+3233.029789,+4502.115766,-3660.844762
2009-10-02T14:53:19.313700,+3578.733232,+4725.771095,-2997.666536
2009-10-02T14:54:59.313699,+3878.777416,+4880.777238,-2293.652402
2009-10-02T14:56:39.313699,+4128.061386,+4965.702279,-1558.375335
2009-10-02T14:58:19.313699,+4322.158665,+4980.136940,-801.847867
2009-10-02T14:59:59.313698,+4457.396228,+4924.693976,-34.382850
2009-10-02T15:01:39.313698,+4530.921522,+4800.988470,+733.551047
2009-10-02T15:03:19.313698,+4540.755400,+4611.603997,+1491.475293
2009-10-02T15:04:59.313697,+4485.834041,+4360.045852,+2229.047142
2009-10-02T15:06:39.313697,+4366.037483,+4050.678505,+2936.206174
2009-10-02T15:08:19.313697,+4182.200264,+3688.649828,+3603.315157
2009-10-02T15:09:59.313696,+3936.108067,+3279.803572,+4221.293117
2009-10-02T15:11:39.313696,+3630.480092,+2830.583721,+4781.737170
2009-10-02T15:13:19.313696,+3268.938574,+2347.930906,+5277.038930
2009-10-02T15:14:59.313696,+2855.960469,+1839.172239,+5700.483272
2009-10-02T15:16:39.313695,+2396.820663,+1311.910028,+6046.335507
2009-10-02T15:18:19.313695,+1897.523161,+773.906754,+6309.915116
2009-10-02T15:19:59.313695,+1364.721748,+232.971691,+6487.654148
2009-10-02T15:21:39.313694,+805.630926,-303.149542,+6577.143152
2009-10-02T15:23:19.313694,+227.929119,-826.885538,+6577.162795
2009-10-02T15:24:59.313694,-360.345663,-1330.945140,+6487.698833
2009-10-02T15:26:39.313693,-950.906352,-1808.417832,+6309.942923
2009-10-02T15:28:19.313693,-1535.332090,-2252.867945,+6046.277415
2009-10-02T15:29:59.313693,-2105.185427,-2658.419986,+5700.246407
2009-10-02T15:31:39.313692,-2652.132423,-3019.837269,+5276.514389
2009-10-02T15:33:19.313692,-3168.066485,-3332.592634,+4780.809338
2009-10-02T15:34:59.313692,-3645.231272,-3592.927056,+4219.847921
2009-10-02T15:36:39.313692,-4076.338964,-3797.896991,+3601.247779
2009-10-02T15:38:19.313691,-4454.684101,-3945.409897,+2933.426604
2009-10-02T15:39:59.313691,-4774.251238,-4034.247298,+2225.489899
2009-10-02T15:41:39.313691,-5029.814696,-4064.074841,+1487.105780
2009-10-02T15:43:19.313690,-5217.026470,-4035.437154,+728.370086
2009-10-02T15:44:59.313690,-5332.491837,-3949.739075,-40.335221
2009-10-02T15:46:39.313690,-5373.830364,-3809.213070,-808.489042
2009-10-02T15:48:19.313689,-5339.721531,-3616.873598,-1565.581293
2009-10-02T15:49:59.313689,-5229.932033,-3376.457615,-2301.263144
2009-10-02T15:51:39.313689,-5045.325777,-3092.354901,-3005.492252
2009-10-02T15:53:19.313688,-4787.856747,-2769.528967,-3668.673118
2009-10-02T15:54:59.313688,-4460.545684,-2413.430230,-4281.788910
2009-10-02T15:56:39.313688,-4067.439916,-2029.903194,-4836.524140
2009-10-02T15:58:19.313687,-3613.557965,-1625.089986,-5325.375307
2009-10-02T15:59:59.313687,-3104.820450,-1205.330922,-5741.748758
2009-10-02T16:01:39.313687,-2547.968825,-777.064821,-6080.044444
2009-10-02T16:03:19.313687,-1950.472917,-346.730600,-6335.726049
2009-10-02T16:04:59.313686,-1320.427910,+79.328413,-6505.375585
2009-10-02T16:06:39.313686,-666.445299,+494.955410,-6586.732352
2009-10-02T16:08:19.313686,+2.462685,+894.266958,-6578.720318
2009-10-02T16:09:59.313685,+677.004358,+1271.734607,-6481.459431
2009-10-02T16:11:39.313685,+1347.734429,+1622.258305,-6296.266074
2009-10-02T16:13:19.313685,+2005.184844,+1941.235463,-6025.635793
2009-10-02T16:14:59.313684,+2639.996020,+2224.620230,-5673.212947
2009-10-02T16:16:39.313684,+3243.048865,+2468.974599,-5243.744318
2009-10-02T16:18:19.313684,+3805.594001,+2671.510139,-4743.020936
2009-10-02T16:19:59.313683,+4319.380564,+2830.120748,-4177.805692
2009-10-02T16:21:39.313683,+4776.780077,+2943.404997,-3555.746087
2009-10-02T16:23:19.313683,+5170.902131,+3010.676948,-2885.273397
2009-10-02T16:24:59.313683,+5495.701605,+3031.967157,-2175.492081
2009-10-02T16:26:39.313682,+5746.076849,+3008.012915,-1436.056071
2009-10-02T16:28:19.313682,+5917.952775,+2940.234973,-677.036062
2009-10-02T16:29:59.313682,+6008.349892,+2830.705158,+91.219745
2009-10-02T16:31:39.313681,+6015.436646,+2682.101409,+858.230969
2009-10-02T16:33:19.313681,+5938.563992,+2497.653846,+1613.530728
2009-10-02T16:34:59.313681,+5778.282514,+2281.084723,+2346.812600
2009-10-02T16:36:39.313680,+5536.341066,+2036.538397,+3048.075843
2009-10-02T16:38:19.313680,+5215.664804,+1768.506091,+3707.764552
2009-10-02T16:39:59.313680,+4820.316811,+1481.746397,+4316.900120
2009-10-02T16:41:39.313679,+4355.440816,+1181.202396,+4867.202234
2009-10-02T16:43:19.313679,+3827.191732,+871.918774,+5351.199691
2009-10-02T16:44:59.313679,+3242.649360,+558.957440,+5762.331296
2009-10-02T16:46:39.313678,+2609.718155,+247.316417,+6095.029412
2009-10-02T16:48:19.313678,+1937.019552,-58.147528,+6344.790773
2009-10-02T16:49:59.313678,+1233.774260,-352.793154,+6508.233885
2009-10-02T16:51:39.313678,+509.675656,-632.264284,+6583.143324
2009-10-02T16:53:19.313677,-225.243322,-892.553206,+6568.496098
2009-10-02T16:54:59.313677,-960.746994,-1130.057338,+6464.475245
2009-10-02T16:56:39.313677,-1686.537698,-1341.629138,+6272.468095
2009-10-02T16:58:19.313676,-2392.397680,-1524.617112,+5995.048535
2009-10-02T16:59:59.313676,-3068.329784,-1676.898361,+5635.946991
2009-10-02T17:01:39.313676,-3704.700911,-1796.903857,+5200.007331
2009-10-02T17:03:19.313675,-4292.381569,-1883.635089,+4693.124851
2009-10-02T17:04:59.313675,-4822.880372,-1936.671243,+4122.170955
2009-10-02T17:06:39.313675,-5288.470609,-1956.166269,+3494.902221
2009-10-02T17:08:19.313674,-5682.307168,-1942.835943,+2819.857587
2009-10-02T17:09:59.313674,-5998.532290,-1897.936337,+2106.244051
2009-10-02T17:11:39.313674,-6232.370345,-1823.233901,+1363.811026
2009-10-02T17:13:19.313674,-6380.204836,-1720.965756,+602.712305
2009-10-02T17:14:59.313673,-6439.637374,-1593.792374,-166.636213
2009-10-02T17:16:39.313673,-6409.528625,-1444.742261,-933.704739
2009-10-02T17:18:19.313673,-6290.018449,-1277.151367,-1687.999385
2009-10-02T17:19:59.313672,-6082.525669,-1094.597519,-2419.210841
2009-10-02T17:21:39.313672,-5789.728151,-900.832599,-3117.359546
2009-10-02T17:23:19.313672,-5415.522994,-699.711538,-3772.935062
2009-10-02T17:24:59.313671,-4964.968807,-495.121003,-4377.027115
2009-10-02T17:26:39.313671,-4444.210194,-290.908545,-4921.446178
2009-10-02T17:28:19.313671,-3860.387485,-90.815039,-5398.832441
2009-10-02T17:29:59.313670,-3221.531803,+101.590192,-5802.751241
2009-10-02T17:31:39.313670,-2536.449962,+282.969632,-6127.773461
2009-10-02T17:33:19.313670,-1814.601115,+450.272113,-6369.542565
2009-10-02T17:34:59.313669,-1065.964720,+600.780396,-6524.827826
2009-10-02T17:36:39.313669,-300.903426,+732.153561,-6591.562444
2009-10-02T17:38:19.313669,+469.977535,+842.462283,-6568.865980
2009-10-02T17:39:59.313669,+1235.972679,+930.214848,-6457.055693
2009-10-02T17:41:39.313668,+1986.423599,+994.376914,-6257.643822
2009-10-02T17:43:19.313668,+2710.864248,+1034.383816,-5973.318107
2009-10-02T17:44:59.313668,+3399.165506,+1050.144471,-5607.907285
2009-10-02T17:46:39.313667,+4041.674291,+1042.036977,-5166.333921
2009-10-02T17:48:19.313667,+4629.349536,+1010.896034,-4654.553809
2009-10-02T17:49:59.313667,+5153.892230,+957.993073,-4079.480686
2009-10-02T17:51:39.313666,+5607.865863,+885.008690,-3448.896759
2009-10-02T17:53:19.313666,+5984.806285,+793.997364,-2771.350908
2009-10-02T17:54:59.313666,+6279.319148,+687.345656,-2056.045481
2009-10-02T17:56:39.313665,+6487.163760,+567.724767,-1312.711607
2009-10-02T17:58:19.313665,+6605.319120,+438.036670,-551.474656
2009-10-02T17:59:59.313665,+6632.030997,+301.356463,+217.286171
2009-10-02T18:01:39.313664,+6566.840972,+160.872390,+983.082132
2009-10-02T18:03:19.313664,+6410.595597,+19.822363,+1735.462433
2009-10-02T18:04:59.313664,+6165.434982,-118.569510,+2464.161547
2009-10-02T18:06:39.313664,+5834.760474,-251.155806,+3159.242984
2009-10-02T18:08:19.313663,+5423.182657,-374.928154,+3811.237526
2009-10-02T18:09:59.313663,+4936.453129,-487.073554,+4411.271890
2009-10-02T18:11:39.313663,+4381.379776,-585.030021,+4951.190990
2009-10-02T18:13:19.313662,+3765.724947,-666.535458,+5423.667196
2009-10-02T18:14:59.313662,+3098.092863,-729.670249,+5822.295288
2009-10-02T18:16:39.313662,+2387.806162,-772.894207,+6141.676484
2009-10-02T18:18:19.313661,+1644.774845,-795.075994,+6377.486823
2009-10-02T18:19:59.313661,+879.357174,-795.515473,+6526.533980
2009-10-02T18:21:39.313661,+102.214911,-773.958310,+6586.795991
2009-10-02T18:23:19.313660,-675.833356,-730.602390,+6557.447039
2009-10-02T18:24:59.313660,-1443.960423,-666.097176,+6438.867396
2009-10-02T18:26:39.313660,-2191.478944,-581.534054,+6232.639597
2009-10-02T18:28:19.313659,-2907.987722,-478.429423,+5941.529810
2009-10-02T18:29:59.313659,-3583.515888,-358.699426,+5569.455269
2009-10-02T18:31:39.313659,-4208.662933,-224.627692,+5121.436687
2009-10-02T18:33:19.313659,-4774.733011,-78.825696,+4603.535183
2009-10-02T18:34:59.313658,-5273.859655,+75.812658,+4022.773990
2009-10-02T18:36:39.313658,-5699.120700,+236.162990,+3387.046117
2009-10-02T18:38:19.313658,-6044.639233,+398.927182,+2705.009607
2009-10-02T18:39:59.313657,-6305.672036,+560.694935,+1985.970355
2009-10-02T18:41:39.313657,-6478.680410,+718.008058,+1239.753806
2009-10-02T18:43:19.313657,-6561.383979,+867.426366,+476.567690
2009-10-02T18:44:59.313656,-6552.794533,+1005.594173,-293.142420
2009-10-02T18:46:39.313656,-6453.228854,+1129.306237,-1058.841957
2009-10-02T18:48:19.313656,-6264.299990,+1235.570592,-1810.056748
2009-10-02T18:49:59.313655,-5988.890559,+1321.668231,-2536.519953
2009-10-02T18:51:39.313655,-5631.105978,+1385.210039,-3228.318738
2009-10-02T18:53:19.313655,-5196.205807,+1424.184937,-3876.032888
2009-10-02T18:54:59.313655,-4690.519544,+1437.002482,-4470.863391
2009-10-02T18:56:39.313654,-4121.347852,+1422.527941,-5004.751110
2009-10-02T18:58:19.313654,-3496.850424,+1380.109173,-5470.482304
2009-10-02T18:59:59.313654,-2825.924772,+1309.595553,-5861.781798
2009-10-02T19:01:39.313653,-2118.076162,+1211.347183,-6173.392609
2009-10-02T19:03:19.313653,-1383.280400,+1086.237239,-6401.141415
2009-10-02T19:04:59.313653,-631.842602,+935.644850,-6541.987151
2009-10-02T19:06:39.313652,+125.745022,+761.439755,-6594.056640
2009-10-02T19:08:19.313652,+878.945179,+565.959870,-6556.665946
2009-10-02T19:09:59.313652,+1617.319650,+351.979780,-6430.331030
2009-10-02T19:11:39.313651,+2330.671968,+122.672152,-6216.759042
2009-10-02T19:13:19.313651,+3009.184790,-118.437643,-5918.827895
2009-10-02T19:14:59.313651,+3643.554535,-367.523936,-5540.549708
2009-10-02T19:16:39.313650,+4225.116620,-620.519293,-5087.020522
2009-10-02T19:18:19.313650,+4745.965189,-873.178221,-4564.358553
2009-10-02T19:19:59.313650,+5199.064396,-1121.146138,-3979.626227
2009-10-02T19:21:39.313650,+5578.347213,-1360.031292,-3340.738726
2009-10-02T19:23:19.313649,+5878.801597,-1585.479445,-2656.359942
2009-10-02T19:24:59.313649,+6096.542087,-1793.249984,-1935.786905
2009-10-02T19:26:39.313649,+6228.865131,-1979.292044,-1188.823385
2009-10-02T19:28:19.313648,+6274.286796,-2139.818305,-425.645338
2009-10-02T19:29:59.313648,+6232.562484,-2271.376096,+343.340190
2009-10-02T19:31:39.313648,+6104.687210,-2370.913891,+1107.640880
2009-10-02T19:33:19.313647,+5892.876924,-2435.841126,+1856.826717
2009-10-02T19:34:59.313647,+5600.529585,-2464.081655,+2580.676594
2009-10-02T19:36:39.313647,+5232.169926,-2454.118575,+3269.321343
2009-10-02T19:38:19.313646,+4793.374397,-2405.029599,+3913.381181
2009-10-02T19:39:59.313646,+4290.682740,-2316.512198,+4504.092549
2009-10-02T19:41:39.313646,+3731.498615,-2188.899749,+5033.427368
2009-10-02T19:43:19.313646,+3123.975569,-2023.167708,+5494.202054
2009-10-02T19:44:59.313645,+2476.893847,-1820.928362,+5880.171036
2009-10-02T19:46:39.313645,+1799.531974,-1584.415700,+6186.107546
2009-10-02T19:48:19.313645,+1101.532409,-1316.461211,+6407.870147
2009-10-02T19:49:59.313644,+392.764172,-1020.459984,+6542.455638
2009-10-02T19:51:39.313644,-316.815847,-700.327714,+6588.036506
2009-10-02T19:53:41.313644,-1169.215948,-283.495175,+6522.296561
2009-10-02T19:55:21.313643,-1845.469348,+73.944244,+6369.791351
2009-10-02T19:57:01.313643,-2491.491647,+440.025918,+6130.558280
2009-10-02T19:58:41.313643,-3098.443298,+809.291261,+5807.810459
2009-10-02T20:00:21.313642,-3658.080819,+1176.107988,+5405.895695
2009-10-02T20:02:01.313642,-4162.871355,+1534.755007,+4930.243326
2009-10-02T20:03:41.313642,-4606.097884,+1879.510084,+4387.294461
2009-10-02T20:05:21.313641,-4981.952518,+2204.741891,+3784.418916
2009-10-02T20:07:01.313641,-5285.617695,+2505.001520,+3129.817531
2009-10-02T20:08:41.313641,-5513.332332,+2775.113532,+2432.412300
2009-10-02T20:10:21.313640,-5662.443685,+3010.264666,+1701.725317
2009-10-02T20:12:01.313640,-5731.443264,+3206.089144,+947.746843
2009-10-02T20:13:41.313640,-5719.983282,+3358.747788,+180.793917
2009-10-02T20:15:21.313640,-5628.874697,+3464.998872,-588.635066
2009-10-02T20:17:01.313639,-5460.067704,+3522.259874,-1350.008971
2009-10-02T20:18:41.313639,-5216.614951,+3528.660467,-2092.914594
2009-10-02T20:20:21.313639,-4902.614551,+3483.081621,-2807.204808
2009-10-02T20:22:01.313638,-4523.139101,+3385.183812,-3483.140956
2009-10-02T20:23:41.313638,-4084.147920,+3235.421827,-4111.527697
2009-10-02T20:25:21.313638,-3592.389786,+3035.046801,-4683.837663
2009-10-02T20:27:01.313637,-3055.293599,+2786.096112,-5192.325439
2009-10-02T20:28:41.313637,-2480.853678,+2491.371043,-5630.127636
2009-10-02T20:30:21.313637,-1877.508233,+2154.403889,-5991.352308
2009-10-02T20:32:01.313636,-1254.012340,+1779.412696,-6271.152578
2009-10-02T20:33:41.313636,-619.311568,+1371.247143,-6465.784600
2009-10-02T20:35:21.313636,+17.585551,+935.324934,-6572.653128
2009-10-02T20:37:01.313635,+647.731644,+477.560628,-6590.340674
2009-10-02T20:38:41.313635,+1262.363847,+4.286718,-6518.626621
2009-10-02T20:40:21.313635,+1853.024473,-477.833105,-6358.487616
2009-10-02T20:42:01.313635,+2411.673535,-961.894963,-6112.084213
2009-10-02T20:43:41.313634,+2930.797116,-1440.852006,-5782.735070
2009-10-02T20:45:21.313634,+3403.506642,-1907.613899,-5374.875155
2009-10-02T20:47:01.313634,+3823.631976,-2355.150293,-4894.002805
2009-10-02T20:48:41.313633,+4185.804024,-2776.596993,-4346.609246
2009-10-02T20:50:21.313633,+4485.524729,-3165.361672,-3740.095331
2009-10-02T20:52:01.313633,+4719.225820,-3515.226875,-3082.675869
2009-10-02T20:53:41.313632,+4884.315481,-3820.450655,-2383.271753
2009-10-02T20:55:21.313632,+4979.209944,-4075.861919,-1651.389331
2009-10-02T20:57:01.313632,+5003.350284,-4276.948076,-896.991341
2009-10-02T20:58:41.313631,+4957.203536,-4419.934622,-130.358979
2009-10-02T21:00:21.313631,+4842.247047,-4501.854891,+638.051268
2009-10-02T21:02:01.313631,+4660.937013,-4520.605971,+1397.754894
2009-10-02T21:03:41.313631,+4416.661509,-4474.991573,+2138.386603
2009-10-02T21:05:21.313630,+4113.679792,-4364.750899,+2849.845212
2009-10-02T21:07:01.313630,+3757.048964,-4190.572688,+3522.434343
2009-10-02T21:08:41.313630,+3352.538277,-3954.095249,+4146.996680
2009-10-02T21:10:21.313629,+2906.533550,-3657.890578,+4715.039205
2009-10-02T21:12:01.313629,+2425.934656,-3305.434316,+5218.847031
2009-10-02T21:13:41.313629,+1918.047562,-2901.063469,+5651.586619
2009-10-02T21:15:21.313628,+1390.471154,-2449.919676,+6007.395189
2009-10-02T21:17:01.313628,+850.983320,-1957.882074,+6281.455348
2009-10-02T21:18:41.313628,+307.426220,-1431.490121,+6470.056628
2009-10-02T21:20:21.313627,-232.406617,-877.856804,+6570.642511
2009-10-02T21:22:01.313627,-760.880355,-304.572043,+6581.842525
2009-10-02T21:23:41.313627,-1270.625209,+280.399309,+6503.489615
2009-10-02T21:25:21.313626,-1754.638098,+868.826802,+6336.623213
2009-10-02T21:27:01.313626,-2206.377600,+1452.328497,+6083.477120
2009-10-02T21:28:41.313626,-2619.852387,+2022.488718,+5747.452717
2009-10-02T21:30:21.313626,-2989.700890,+2570.978489,+5333.078030
2009-10-02T21:32:01.313625,-3311.262896,+3089.677853,+4845.951684
2009-10-02T21:33:41.313625,-3580.640998,+3570.796781,+4292.671591
2009-10-02T21:35:21.313625,-3794.750928,+4006.994814,+3680.749900
2009-10-02T21:37:01.313624,-3951.359229,+4391.496378,+3018.513789
2009-10-02T21:38:41.313624,-4049.108875,+4718.200134,+2314.992799
2009-10-02T21:40:21.313624,-4087.529678,+4981.778764,+1579.794717
2009-10-02T21:42:01.313623,-4067.036010,+5177.768260,+822.972455
2009-10-02T21:43:41.313623,-3988.910900,+5302.645386,+54.883724
2009-10-02T21:45:21.313623,-3855.275401,+5353.891233,-713.956147
2009-10-02T21:47:01.313622,-3669.043662,+5330.039145,-1473.024686
2009-10-02T21:48:41.313622,-3433.866853,+5230.703599,-2211.942876
2009-10-02T21:50:21.313622,-3154.063305,+5056.594058,-2920.620774
2009-10-02T21:52:01.313622,-2834.540376,+4809.510065,-3589.399880
2009-10-02T21:53:41.293621,-2480.781991,+4492.388981,-4209.067444
2009-10-02T21:55:21.293621,-2098.465734,+4108.999404,-4771.465872
2009-10-02T21:57:01.293621,-1693.792690,+3664.270708,-5268.856672
2009-10-02T21:58:41.293620,-1273.111505,+3163.986755,-5694.528436
2009-10-02T22:00:21.293620,-842.885957,+2614.762423,-6042.754300
2009-10-02T22:02:01.293620,-409.595623,+2023.952152,-6308.863104
2009-10-02T22:03:41.293619,+20.360445,+1399.550151,-6489.295640
2009-10-02T22:05:21.293619,+440.755409,+750.081700,-6581.647259
2009-10-02T22:07:01.293619,+845.623441,+84.488912,-6584.697257
2009-10-02T22:08:41.293618,+1229.343200,-587.991679,-6498.422604
2009-10-02T22:10:21.293618,+1586.713376,-1257.954590,-6323.995075
2009-10-02T22:12:01.293618,+1913.020974,-1915.953247,-6063.766958
2009-10-02T22:13:41.293617,+2204.103291,-2552.629937,-5721.242086
2009-10-02T22:15:21.293617,+2456.400078,-3158.846763,-5301.034263
2009-10-02T22:17:01.293617,+2666.998678,-3725.818399,-4808.810426
2009-10-02T22:18:41.293617,+2833.667934,-4245.240024,-4251.216747
2009-10-02T22:20:21.293616,+2954.881324,-4709.408764,-3635.793258
2009-10-02T22:22:01.293616,+3029.830725,-5111.341079,-2970.878026
2009-10-02T22:23:41.293616,+3058.428567,-5444.883261,-2265.496291
2009-10-02T22:25:21.293615,+3041.299131,-5704.808953,-1529.238648
2009-10-02T22:27:01.293615,+2979.758603,-5886.905120,-772.130270
2009-10-02T22:28:41.293615,+2875.783898,-5988.044203,-4.491424
2009-10-02T22:30:21.293614,+2731.969965,-6006.237363,+763.207236
2009-10-02T22:32:01.293614,+2551.477798,-5940.672553,+1520.489933
2009-10-02T22:33:41.293614,+2337.974321,-5791.734859,+2257.024766
2009-10-02T22:35:21.293613,+2095.562958,-5561.004927,+2962.768799
2009-10-02T22:37:01.293613,+1828.709165,-5251.239766,+3628.106538
2009-10-02T22:38:41.293613,+1542.160637,-4866.338004,+4243.982285
2009-10-02T22:40:21.293613,+1240.865164,-4411.286206,+4802.023014
2009-10-02T22:42:01.293612,+929.888001,-3892.091403,+5294.651803
2009-10-02T22:43:41.293612,+614.327007,-3315.696496,+5715.189767
2009-10-02T22:45:21.293612,+299.230199,-2689.882507,+6057.941340
2009-10-02T22:47:01.293611,-10.483526,-2023.161925,+6318.266870
2009-10-02T22:48:41.293611,-310.098890,-1324.662145,+6492.640829
2009-10-02T22:50:21.293611,-595.175003,-604.001980,+6578.697573
2009-10-02T22:52:01.293610,-861.609911,+128.840489,+6575.261628
2009-10-02T22:53:41.293610,-1105.699025,+863.664387,+6482.363151
2009-10-02T22:55:21.293610,-1324.185889,+1590.186369,+6301.237792
2009-10-02T22:57:01.293609,-1514.305329,+2298.182560,+6034.312736
2009-10-02T22:58:41.293609,-1673.818904,+2977.631377,+5685.177311
2009-10-02T23:00:21.293609,-1801.041550,+3618.855200,+5258.538169
2009-10-02T23:02:01.293608,-1894.858735,+4212.658991,+4760.161838
2009-10-02T23:03:41.293608,-1954.735673,+4750.465962,+4196.801247
2009-10-02T23:05:21.293608,-1980.716020,+5224.445430,+3576.107906
2009-10-02T23:07:01.293608,-1973.411886,+5627.632826,+2906.530497
2009-10-02T23:08:41.293607,-1933.984087,+5954.036625,+2197.200107
2009-10-02T23:10:21.293607,-1864.113228,+6198.733395,+1457.805232
2009-10-02T23:12:01.293607,-1765.961400,+6357.946720,+698.456856
2009-10-02T23:13:41.293606,-1642.125704,+6429.109921,-70.453307
2009-10-02T23:15:21.293606,-1495.585178,+6410.909416,-838.399421
2009-10-02T23:17:01.293606,-1329.641093,+6303.310899,-1594.872794
2009-10-02T23:18:41.293605,-1147.850780,+6107.559794,-2329.533309
2009-10-02T23:20:21.293605,-953.959417,+5826.162017,-3032.354307
2009-10-02T23:22:01.293605,-751.829213,+5462.846698,-3693.760703
2009-10-02T23:23:41.293604,-545.368393,+5022.511715,-4304.761240
2009-10-02T23:25:21.293604,-338.460773,+4511.150487,-4857.070101
2009-10-02T23:27:01.293604,-134.897082,+3935.764765,-5343.216916
2009-10-02T23:28:41.293604,+61.690925,+3304.263035,-5756.644876
2009-10-02T23:30:21.293603,+247.891997,+2625.346302,-6091.794449
2009-10-02T23:32:01.293603,+420.570697,+1908.384686,-6344.171356
2009-10-02T23:33:41.293603,+576.917563,+1163.287931,-6510.401755
2009-10-02T23:35:21.293602,+714.492935,+400.368411,-6588.272584
2009-10-02T23:37:01.293602,+831.263079,-369.799576,-6576.757383
2009-10-02T23:38:41.293602,+925.628598,-1136.524830,-6476.027258
2009-10-02T23:40:21.293601,+996.445924,-1889.143518,-6287.446671
2009-10-02T23:42:01.293601,+1043.040191,-2617.162627,-6013.555828
2009-10-02T23:43:41.293601,+1065.211933,-3310.403958,-5658.042666
2009-10-02T23:45:21.293600,+1063.233387,-3959.147165,-5225.696639
2009-10-02T23:47:01.293600,+1037.838168,-4554.265406,-4722.347632
2009-10-02T23:48:41.293600,+990.203180,-5087.355111,-4154.793437
2009-10-02T23:50:21.293599,+921.922238,-5550.858603,-3530.712504
2009-10-02T23:52:01.293599,+834.972507,-5938.175611,-2858.563142
2009-10-02T23:53:41.293599,+731.673880,-6243.762449,-2147.471607
2009-10-02T23:55:21.293599,+614.642550,-6463.217533,-1407.108982
2009-10-02T23:57:01.293598,+486.738490,-6593.350099,-647.557996
2009-10-02T23:58:41.293598,+351.008544,-6632.230297,+120.826746
2009-10-02T00:03:40.000000,+171.068232,-6627.272815,+408.628862
2009-10-02T00:20:20.000000,-811.636084,-2193.827277,+6208.582155
2009-10-02T00:37:00.000000,+29.985373,+4905.603328,+4465.401375
2009-10-02T00:53:40.000000,+1424.532238,+5888.769887,-2710.767295
2009-10-02T01:10:20.000000,+710.176619,-321.666235,-6593.201097
2009-10-02T01:27:00.000000,-1724.146883,-5915.506627,-2481.546400
2009-10-02T01:43:40.000000,-2347.782313,-4123.631929,+4641.169327
2009-10-02T02:00:20.000000,+486.707406,+2501.919815,+6123.340524
2009-10-02T02:17:00.000000,+3444.605233,+5670.214494,+161.422520
2009-10-02T02:33:40.000000,+2172.457184,+1832.172735,-5999.128023
2009-10-02T02:50:20.000000,-2420.826400,-3797.959487,-4881.124412
2009-10-02T03:07:00.000000,-4535.553709,-4344.062215,+2157.348912
2009-10-02T03:23:40.000000,-858.713179,+259.286116,+6572.283694
2009-10-02T03:40:20.000000,+4457.760746,+3891.196021,+3001.281253
2009-10-02T03:57:00.000000,+4519.733426,+2407.236759,-4223.353545
2009-10-02T04:13:40.000000,-1296.273129,-1576.072194,-6318.499205
2009-10-02T04:30:20.000000,-5932.112790,-2891.937861,-752.620426
2009-10-02T04:47:00.000000,-3307.498695,-558.046311,+5725.363860
2009-10-02T05:03:40.000000,+3661.396868,+1751.552392,+5246.424647
2009-10-02T05:20:20.000000,+6318.543268,+1234.100121,-1613.727681
2009-10-02T05:37:00.000000,+1136.462652,-597.262880,-6513.200844
2009-10-02T05:53:40.000000,-5573.882646,-839.420874,-3513.809069
2009-10-02T06:10:20.000000,-5463.121835,+415.675081,+3749.077618
2009-10-02T06:27:00.000000,+1375.548385,+660.109876,+6454.812592
2009-10-02T06:43:40.000000,+6458.910079,-764.911287,+1315.437282
2009-10-02T07:00:20.000000,+3548.808065,-1419.916903,-5426.739911
2009-10-02T07:17:00.000000,-3578.338629,+376.881028,-5581.601056
2009-10-02T07:33:40.000000,-6097.668419,+2421.334537,+1032.558081
2009-10-02T07:50:20.000000,-1157.912981,+1355.464987,+6390.060769
2009-10-02T08:07:00.000000,+4849.353011,-2150.142726,+3983.646992
2009-10-02T08:23:40.000000,+4618.785872,-3467.095324,-3270.851456
2009-10-02T08:40:20.000000,-1068.708405,-147.127083,-6550.963408
2009-10-02T08:57:00.000000,-4917.418766,+4047.300858,-1888.006915
2009-10-02T09:13:40.000000,-2549.185621,+3448.240196,+5065.726770
2009-10-02T09:30:20.000000,+2474.817851,-1866.524443,+5863.688644
2009-10-02T09:47:00.000000,+3852.565919,-5383.176590,-468.383508
2009-10-02T10:03:40.000000,+526.991490,-2222.614513,-6232.714904
2009-10-02T10:20:20.000000,-2745.619190,+4111.116405,-4436.039824
2009-10-02T10:37:00.000000,-2121.325079,+5663.850669,+2741.508632
2009-10-02T10:53:40.000000,+779.695545,+98.040620,+6586.304160
2009-10-02T11:10:20.000000,+1893.527784,-5877.132328,+2427.875968
2009-10-02T11:27:00.000000,+359.452843,-4686.033620,-4687.029943
2009-10-02T11:43:40.000000,-1007.521843,+2397.188280,-6110.124587
2009-10-02T12:00:20.000000,-330.815189,+6633.180581,-125.047180
2009-10-02T12:17:00.000000,+768.725369,+2705.296845,+6009.817707
2009-10-02T12:33:40.000000,+122.898555,-4530.658952,+4843.406521
2009-10-02T12:50:20.000000,-1315.171152,-6116.561861,-2215.125137
2009-10-02T13:07:00.000000,-842.532910,-209.533326,-6581.713799
2009-10-02T13:23:40.000000,+1514.861081,+5746.956544,-2967.206934
2009-10-02T13:40:20.000000,+2382.683535,+4511.347415,+4247.428729
2009-10-02T13:57:00.000000,-205.181564,-2062.938368,+6300.341472
2009-10-02T14:13:40.000000,-3289.526068,-5720.998487,+695.154715
2009-10-02T14:30:20.000000,-2395.383558,-2273.103203,-5758.058923
2009-10-02T14:47:00.000000,+2075.516485,+3538.098495,-5223.358294
2009-10-02T15:03:40.000000,+4534.724459,+4564.534564,+1646.058394
2009-10-02T15:20:20.000000,+1250.975977,+121.419939,+6513.463741
2009-10-02T15:37:00.000000,-4159.142410,-3833.178728,+3466.846992
2009-10-02T15:53:40.000000,-4725.758971,-2698.407151,-3799.896820
2009-10-02T16:10:20.000000,+816.379337,+1346.615065,-6450.298237
2009-10-02T16:27:00.000000,+5788.186328,+2997.528266,-1280.311014
2009-10-02T16:43:40.000000,+3710.640127,+807.313880,+5442.424211
2009-10-02T17:00:20.000000,-3203.526598,-1704.412316,+5551.891102
2009-10-02T17:17:00.000000,-6392.112473,-1411.479938,-1091.132421
2009-10-02T17:33:40.000000,-1661.596004,+482.867553,-6408.845729
2009-10-02T17:50:20.000000,+5253.820284,+944.480139,-3953.318352
2009-10-02T18:07:00.000000,+5756.083652,-277.578919,+3297.953904
2009-10-02T18:23:40.000000,-835.900351,-718.964045,+6540.202804
2009-10-02T18:40:20.000000,-6348.776415,+593.716945,+1833.502797
2009-10-02T18:57:00.000000,-3996.417279,+1416.057954,-5106.906683
2009-10-02T19:13:40.000000,+3144.330225,-169.441194,-5847.014746
2009-10-02T19:30:20.000000,+6213.121947,-2294.686296,+502.176550
2009-10-02T19:47:00.000000,+1656.511080,-1531.461074,+6239.003637
2009-10-02T20:03:40.000000,-4600.700505,+1875.095615,+4394.832385
2009-10-02T20:20:20.000000,-4907.175891,+3484.019604,-2798.049445
2009-10-02T20:37:00.000000,+639.535477,+483.688773,-6590.688650
2009-10-02T20:53:40.000000,+4882.599433,-3816.753372,-2392.691243
2009-10-02T21:10:20.000000,+2912.632225,-3662.154798,+4707.977607
2009-10-02T21:27:00.000000,-2200.678998,+1444.731555,+6087.348410
2009-10-02T21:43:40.000000,-3990.302505,+5301.477839,+65.001474
2009-10-02T22:00:20.000000,-848.484926,+2622.149377,-6038.764948
2009-10-02T22:17:00.000000,+2664.550741,-3718.770235,-4815.610588
2009-10-02T22:33:40.000000,+2340.930057,-5794.188411,+2247.672180
2009-10-02T22:50:20.000000,-591.597806,-613.424100,+6578.154422
2009-10-02T23:07:00.000000,-1973.714535,+5622.895568,+2915.466328
2009-10-02T23:23:40.000000,-548.050334,+5028.675408,-4297.214991
2009-10-02T23:40:20.000000,+995.683532,-1879.542343,-6290.437515
2009-10-02T23:57:00.000000,+488.449744,-6592.246502,-657.462455
